-- phpMyAdmin SQL Dump
-- version 4.8.4
-- https://www.phpmyadmin.net/
--
-- Host: 127.0.0.1
-- Generation Time: Mar 09, 2022 at 10:22 AM
-- Server version: 10.1.37-MariaDB
-- PHP Version: 7.3.0

SET SQL_MODE = "NO_AUTO_VALUE_ON_ZERO";
SET AUTOCOMMIT = 0;
START TRANSACTION;
SET time_zone = "+00:00";


/*!40101 SET @OLD_CHARACTER_SET_CLIENT=@@CHARACTER_SET_CLIENT */;
/*!40101 SET @OLD_CHARACTER_SET_RESULTS=@@CHARACTER_SET_RESULTS */;
/*!40101 SET @OLD_COLLATION_CONNECTION=@@COLLATION_CONNECTION */;
/*!40101 SET NAMES utf8mb4 */;

--
-- Database: `worlddata`
--

-- --------------------------------------------------------

--
-- Table structure for table `countryalcohol`
--

CREATE TABLE `countryalcohol` (
  `Country` char(25) NOT NULL,
  `beer_servings` int(11) NOT NULL,
  `spirit_servings` int(11) NOT NULL,
  `wine-servings` int(11) NOT NULL,
  `total_liters_of_alcohol` float NOT NULL
) ENGINE=InnoDB DEFAULT CHARSET=latin1;

--
-- Dumping data for table `countryalcohol`
--

INSERT INTO `countryalcohol` (`Country`, `beer_servings`, `spirit_servings`, `wine-servings`, `total_liters_of_alcohol`) VALUES
('afghanistan', 0, 0, 0, 0),
('albania', 89, 132, 54, 4.9),
('algeria', 25, 0, 14, 0.7),
('andorra', 245, 138, 312, 12.4),
('angola', 217, 57, 45, 5.9),
('antigua & barbuda', 102, 128, 45, 4.9),
('argentina', 193, 25, 221, 8.3),
('armenia', 21, 179, 11, 3.8),
('australia', 261, 72, 212, 10.4),
('austria', 279, 75, 191, 9.7),
('azerbaijan', 21, 46, 5, 1.3),
('bahamas', 122, 176, 51, 6.3),
('bahrain', 42, 63, 7, 2),
('bangladesh', 0, 0, 0, 0),
('barbados', 143, 173, 36, 6.3),
('belarus', 142, 373, 42, 14.4),
('belgium', 295, 84, 212, 10.5),
('belize', 263, 114, 8, 6.8),
('benin', 34, 4, 13, 1.1),
('bhutan', 23, 0, 0, 0.4),
('bolivia', 167, 41, 8, 3.8),
('bosnia-herzegovina', 76, 173, 8, 4.6),
('botswana', 173, 35, 35, 5.4),
('brazil', 245, 145, 16, 7.2),
('brunei', 31, 2, 1, 0.6),
('bulgaria', 231, 252, 94, 10.3),
('burkina faso', 25, 7, 7, 4.3),
('burundi', 88, 0, 0, 6.3),
('cabo verde', 144, 56, 16, 4),
('cambodia', 57, 65, 1, 2.2),
('cameroon', 147, 1, 4, 5.8),
('canada', 240, 122, 100, 8.2),
('central african republic', 17, 2, 1, 1.8),
('chad', 15, 1, 1, 0.4),
('chile', 130, 124, 172, 7.6),
('china', 79, 192, 8, 5),
('colombia', 159, 76, 3, 4.2),
('comoros', 1, 3, 1, 0.1),
('congo', 76, 1, 9, 1.7),
('cook islands', 0, 254, 74, 5.9),
('costa rica', 149, 87, 11, 4.4),
('cote divoire', 37, 1, 7, 4),
('country', 0, 0, 0, 0),
('croatia', 230, 87, 254, 10.2),
('cuba', 93, 137, 5, 4.2),
('cyprus', 192, 154, 113, 8.2),
('czech republic', 361, 170, 134, 11.8),
('denmark', 224, 81, 278, 10.4),
('djibouti', 15, 44, 3, 1.1),
('dominica', 52, 286, 26, 6.6),
('dominican republic', 193, 147, 9, 6.2),
('dr congo', 32, 3, 1, 2.3),
('ecuador', 162, 74, 3, 4.2),
('egypt', 6, 4, 1, 0.2),
('el salvador', 52, 69, 2, 2.2),
('equatorial guinea', 92, 0, 233, 5.8),
('eritrea', 18, 0, 0, 0.5),
('estonia', 224, 194, 59, 9.5),
('ethiopia', 20, 3, 0, 0.7),
('fiji', 77, 35, 1, 2),
('finland', 263, 133, 97, 10),
('france', 127, 151, 370, 11.8),
('gabon', 347, 98, 59, 8.9),
('gambia', 8, 0, 1, 2.4),
('georgia', 52, 100, 149, 5.4),
('germany', 346, 117, 175, 11.3),
('ghana', 31, 3, 10, 1.8),
('greece', 133, 112, 218, 8.3),
('grenada', 199, 438, 28, 11.9),
('guatemala', 53, 69, 2, 2.2),
('guinea', 9, 0, 2, 0.2),
('guinea-bissau', 28, 31, 21, 2.5),
('guyana', 93, 302, 1, 7.1),
('haiti', 1, 326, 1, 5.9),
('honduras', 69, 98, 2, 3),
('hungary', 234, 215, 185, 11.3),
('iceland', 233, 61, 78, 6.6),
('india', 9, 114, 0, 2.2),
('indonesia', 5, 1, 0, 0.1),
('iran', 0, 0, 0, 0),
('iraq', 9, 3, 0, 0.2),
('ireland', 313, 118, 165, 11.4),
('israel', 63, 69, 9, 2.5),
('italy', 85, 42, 237, 6.5),
('jamaica', 82, 97, 9, 3.4),
('japan', 77, 202, 16, 7),
('jordan', 6, 21, 1, 0.5),
('kazakhstan', 124, 246, 12, 6.8),
('kenya', 58, 22, 2, 1.8),
('kiribati', 21, 34, 1, 1),
('kuwait', 0, 0, 0, 0),
('kyrgyzstan', 31, 97, 6, 2.4),
('laos', 62, 0, 123, 6.2),
('latvia', 281, 216, 62, 10.5),
('lebanon', 20, 55, 31, 1.9),
('lesotho', 82, 29, 0, 2.8),
('liberia', 19, 152, 2, 3.1),
('libya', 0, 0, 0, 0),
('lithuania', 343, 244, 56, 12.9),
('luxembourg', 236, 133, 271, 11.4),
('macedonia', 106, 27, 86, 3.9),
('madagascar', 26, 15, 4, 0.8),
('malawi', 8, 11, 1, 1.5),
('malaysia', 13, 4, 0, 0.3),
('maldives', 0, 0, 0, 0),
('mali', 5, 1, 1, 0.6),
('malta', 149, 100, 120, 6.6),
('marshall islands', 0, 0, 0, 0),
('mauritania', 0, 0, 0, 0),
('mauritius', 98, 31, 18, 2.6),
('mexico', 238, 68, 5, 5.5),
('micronesia', 62, 50, 18, 2.3),
('moldova', 109, 226, 18, 6.3),
('monaco', 0, 0, 0, 0),
('mongolia', 77, 189, 8, 4.9),
('montenegro', 31, 114, 128, 4.9),
('morocco', 12, 6, 10, 0.5),
('mozambique', 47, 18, 5, 1.3),
('myanmar', 5, 1, 0, 0.1),
('namibia', 376, 3, 1, 6.8),
('nauru', 49, 0, 8, 1),
('nepal', 5, 6, 0, 0.2),
('netherlands', 251, 88, 190, 9.4),
('new zealand', 203, 79, 175, 9.3),
('nicaragua', 78, 118, 1, 3.5),
('niger', 3, 2, 1, 0.1),
('nigeria', 42, 5, 2, 9.1),
('niue', 188, 200, 7, 7),
('north korea', 0, 0, 0, 0),
('norway', 169, 71, 129, 6.7),
('oman', 22, 16, 1, 0.7),
('pakistan', 0, 0, 0, 0),
('palau', 306, 63, 23, 6.9),
('panama', 285, 104, 18, 7.2),
('papua new guinea', 44, 39, 1, 1.5),
('paraguay', 213, 117, 74, 7.3),
('peru', 163, 160, 21, 6.1),
('philippines', 71, 186, 1, 4.6),
('poland', 343, 215, 56, 10.9),
('portugal', 194, 67, 339, 11),
('qatar', 1, 42, 7, 0.9),
('romania', 297, 122, 167, 10.4),
('russian federation', 247, 326, 73, 11.5),
('rwanda', 43, 2, 0, 6.8),
('samoa', 105, 18, 24, 2.6),
('san marino', 0, 0, 0, 0),
('sao tome & principe', 56, 38, 140, 4.2),
('saudi arabia', 0, 5, 0, 0.1),
('senegal', 9, 1, 7, 0.3),
('serbia', 283, 131, 127, 9.6),
('seychelles', 157, 25, 51, 4.1),
('sierra leone', 25, 3, 2, 6.7),
('singapore', 60, 12, 11, 1.5),
('slovakia', 196, 293, 116, 11.4),
('slovenia', 270, 51, 276, 10.6),
('solomon islands', 56, 11, 1, 1.2),
('somalia', 0, 0, 0, 0),
('south africa', 225, 76, 81, 8.2),
('south korea', 140, 16, 9, 9.8),
('spain', 284, 157, 112, 10),
('sri lanka', 16, 104, 0, 2.2),
('st. kitts & nevis', 194, 205, 32, 7.7),
('st. lucia', 171, 315, 71, 10.1),
('st. vincent & the grenadi', 120, 221, 11, 6.3),
('sudan', 8, 13, 0, 1.7),
('suriname', 128, 178, 7, 5.6),
('swaziland', 90, 2, 2, 4.7),
('sweden', 152, 60, 186, 7.2),
('switzerland', 185, 100, 280, 10.2),
('syria', 5, 35, 16, 1),
('tajikistan', 2, 15, 0, 0.3),
('tanzania', 36, 6, 1, 5.7),
('thailand', 99, 258, 1, 6.4),
('timor-leste', 1, 1, 4, 0.1),
('togo', 36, 2, 19, 1.3),
('tonga', 36, 21, 5, 1.1),
('trinidad & tobago', 197, 156, 7, 6.4),
('tunisia', 51, 3, 20, 1.3),
('turkey', 51, 22, 7, 1.4),
('turkmenistan', 19, 71, 32, 2.2),
('tuvalu', 6, 41, 9, 1),
('uganda', 45, 9, 0, 8.3),
('ukraine', 206, 237, 45, 8.9),
('united arab emirates', 16, 135, 5, 2.8),
('united kingdom', 219, 126, 195, 10.4),
('uruguay', 115, 35, 220, 6.6),
('usa', 249, 158, 84, 8.7),
('uzbekistan', 25, 101, 8, 2.4),
('vanuatu', 21, 18, 11, 0.9),
('venezuela', 333, 100, 3, 7.7),
('vietnam', 111, 2, 1, 2),
('yemen', 6, 0, 0, 0.1),
('zambia', 32, 19, 4, 2.5),
('zimbabwe', 64, 18, 4, 4.7);

-- --------------------------------------------------------

--
-- Table structure for table `countrygdp`
--

CREATE TABLE `countrygdp` (
  `Country` char(25) NOT NULL,
  `Country_Code` char(5) NOT NULL,
  `GDP_2000` float NOT NULL,
  `Suicide_Rate_2000` float NOT NULL,
  `GDP_2005` float NOT NULL,
  `Suicide_Rate_2005` float NOT NULL,
  `GDP_2010` float NOT NULL,
  `Suicide_Rate_2010` float NOT NULL,
  `GDP_2015` float NOT NULL,
  `Suicide_Rate_2015` float NOT NULL,
  `GDP_2016` float NOT NULL,
  `Suicide_Rate_2016` float NOT NULL
) ENGINE=InnoDB DEFAULT CHARSET=latin1;

--
-- Dumping data for table `countrygdp`
--

INSERT INTO `countrygdp` (`Country`, `Country_Code`, `GDP_2000`, `Suicide_Rate_2000`, `GDP_2005`, `Suicide_Rate_2005`, `GDP_2010`, `Suicide_Rate_2010`, `GDP_2015`, `Suicide_Rate_2015`, `GDP_2016`, `Suicide_Rate_2016`) VALUES
('Afghanistan', 'AFG', -1, 5.7, 242.031, 6.3, 543.303, 5.1, 578.466, 4.8, 547.228, 4.7),
('Albania', 'ALB', 1126.68, 5.5, 2673.79, 6.7, 4094.36, 7.8, 3952.83, 6, 4124.11, 6.3),
('Algeria', 'DZA', 1765.02, 4.1, 3113.09, 3.8, 4480.79, 3.3, 4177.89, 3.2, 3948.81, 3.2),
('Angola', 'AGO', 556.836, 7.9, 1902.42, 7.2, 3587.88, 5.7, 4166.98, 5, 3506.07, 4.7),
('Antigua and Barbuda', 'ATG', 10920.8, 2, 12547.6, 1.2, 13092.1, 0.3, 14526.6, 0.8, 15494.3, 0.5),
('Argentina', 'ARG', 7708.1, 9.5, 5109.85, 9, 10386, 8.7, 13789.1, 8.8, 12790.2, 9.2),
('Armenia', 'ARM', 622.742, 3.3, 1643.75, 4.4, 3218.37, 6, 3607.3, 7, 3591.83, 6.6),
('Australia', 'AUS', 21679.2, 13.2, 33999.2, 12.3, 52022.1, 12.5, 56748.4, 13.8, 50020, 13.2),
('Austria', 'AUT', 24564.5, 20, 38403.1, 17.3, 46858, 16, 44176.7, 16, 45103.3, 15.6),
('Azerbaijan', 'AZE', 655.097, 2.2, 1578.4, 3.2, 5842.81, 3.1, 5500.32, 2.7, 3880.74, 2.6),
('Bahrain', 'BHR', 13636.4, 6.7, 17959.3, 7, 20722.1, 5.2, 22688.9, 5.9, 22619.1, 5.9),
('Bangladesh', 'BGD', 418.069, 6.7, 499.462, 6.3, 781.154, 6.4, 1248.45, 6.1, 1401.62, 5.9),
('Barbados', 'BRB', 11496.6, 2.1, 14104.1, 3.7, 16056, 2.1, 16066.5, 0.7, 15847.1, 0.8),
('Belarus', 'BLR', 1276.29, 43.1, 3125.81, 45.1, 6181.4, 38.2, 5949.11, 26.3, 5022.63, 26.2),
('Belgium', 'BEL', 23207.4, 22.7, 36967.3, 21.2, 44380.2, 21.3, 40441.1, 20.1, 41449.1, 20.7),
('Belize', 'BLZ', 3364.42, 5.5, 3926.01, 4.9, 4331.43, 4.9, 4883.18, 4.8, 4904.03, 4.7),
('Benin', 'BEN', 374.192, 9.5, 601.8, 9.7, 757.696, 9.6, 783.963, 9.9, 788.549, 9.9),
('Bhutan', 'BTN', 743.05, 12.4, 1262.25, 12.2, 2312.86, 11.1, 2829.89, 11.6, 3012.96, 11.4),
('Bosnia and Herzegovina', 'BIH', 1467.78, 10.7, 2980.6, 9.3, 4635.52, 8, 4727.28, 8.9, 4994.68, 8.8),
('Botswana', 'BWA', 3522.31, 11.8, 5520.12, 12.6, 6434.82, 11.1, 6799.88, 9.7, 7243.86, 9.3),
('Brazil', 'BRA', 3749.75, 4.8, 4790.44, 5.5, 11286.2, 5.7, 8814, 6.5, 8712.89, 6.5),
('Brunei Darussalam', 'BRN', 18012.6, 2.8, 26105.3, 3.3, 35269.6, 3.7, 31164.6, 4.5, 27157.3, 4.6),
('Bulgaria', 'BGR', 1609.88, 18.5, 3869.53, 13.4, 6843.27, 12.5, 6993.78, 11.4, 7469.46, 11.5),
('Burkina Faso', 'BFA', 226.476, 8.2, 406.999, 7.6, 575.446, 7.5, 575.314, 7.7, 583.833, 7.7),
('Burundi', 'BDI', 136.464, 7.1, 151.681, 8.4, 234.236, 9, 305.55, 8.9, 282.15, 9.1),
('Cabo Verde', 'CPV', 1259.32, 9.4, 2099.16, 10.1, 3378.25, 11.1, 3043.01, 11, 3130.96, 11.3),
('Cambodia', 'KHM', 302.577, 5.6, 474.111, 5.9, 785.502, 5.4, 1162.9, 5.3, 1269.59, 5.3),
('Cameroon', 'CMR', 649.992, 13.3, 1011.88, 11.9, 1285.26, 11.7, 1326.97, 12.3, 1363.4, 12.2),
('Canada', 'CAN', 24190.2, 13, 36266.2, 13.2, 47450.3, 13, 43495.1, 12.5, 42279.9, 12.5),
('Central African Republic', 'CAF', 251.207, 8.8, 331.163, 8.8, 487.945, 9.5, 380.404, 8.1, 406.532, 7.7),
('Chad', 'TCD', 165.763, 8, 658.305, 8.5, 891.699, 8.7, 775.708, 8.9, 692.979, 8.8),
('Chile', 'CHL', 5074.9, 10.9, 7598.52, 10.6, 12808, 12.2, 13574.2, 10.9, 13748.1, 10.6),
('China', 'CHN', 959.372, 13.2, 1753.42, 11.7, 4550.45, 10.9, 8033.39, 9.6, 8078.79, 9.7),
('Colombia', 'COL', 2520.48, 7.6, 3404.19, 6.7, 6326.55, 7.2, 6175.88, 8.3, 5871.22, 7.2),
('Comoros', 'COM', 645.819, 5.1, 1068.6, 6.5, 1315.21, 6.6, 1271.06, 6.8, 1287.42, 6.8),
('Costa Rica', 'CRI', 3772.87, 7.3, 4654.82, 7.9, 8141.91, 8.6, 11299.1, 7.9, 11666.5, 7.9),
('CountryName', 'Count', 0, 0, 0, 0, 0, 0, 0, 0, 0, 0),
('Croatia', 'HRV', 4873.05, 21.3, 10521, 20.2, 13937.1, 18.6, 11780.1, 17.8, 12366.8, 16.5),
('Cuba', 'CUB', 2747.1, 17.4, 3786.66, 13, 5730.35, 14.4, 7694.01, 13.7, 8060.8, 13.9),
('Cyprus', 'CYP', 14388.3, 2.2, 24959.3, 2.6, 30818.5, 5.7, 23217.5, 4.9, 24019.1, 5.3),
('Denmark', 'DNK', 30743.5, 16, 48799.8, 16.2, 58041.4, 12.7, 53254.9, 11.9, 54467.1, 12.8),
('Djibouti', 'DJI', 768.176, 5.8, 904.73, 5.9, 1343.27, 5.2, 1787.48, 6.4, 1898.88, 6.7),
('Dominican Republic', 'DOM', 2869.11, 9.1, 3970.32, 8.2, 5568.05, 8, 6691.72, 9.7, 6957.56, 9.9),
('Ecuador', 'ECU', 1445.28, 6.1, 3002.14, 8.9, 4633.59, 8.5, 6124.49, 9.6, 6060.09, 7.1),
('El Salvador', 'SLV', 2001.54, 13.4, 2428.57, 9.9, 2983.23, 10.8, 3705.58, 14, 3800.12, 13.7),
('Equatorial Guinea', 'GNQ', 1725.55, 15.5, 10963.3, 13.7, 17272, 16.7, 11278.9, 16.5, 9244.05, 16.4),
('Eritrea', 'ERI', 308.134, 11.6, 388.595, 10.4, 667.744, 9, -1, 8.1, -1, 7.9),
('Estonia', 'EST', 4070.03, 29.5, 10338.3, 22.5, 14638.6, 18.3, 17412.4, 15.8, 18228.1, 17.8),
('Eswatini', 'SWZ', 1728.71, 11.6, 3083.83, 12, 4168.5, 11.9, 3641.41, 13.1, 3426.83, 13.3),
('Ethiopia', 'ETH', 124.461, 8, 162.433, 7.9, 341.554, 7.3, 639.304, 7.2, 716.88, 7.2),
('Fiji', 'FJI', 2076.57, 4.3, 3659.58, 3.5, 3652.53, 4.8, 5390.75, 5, 5647.35, 5),
('Finland', 'FIN', 24253.2, 24.6, 38969.2, 20.4, 46202.4, 18.9, 42494.7, 14.4, 43493.4, 15.9),
('France', 'FRA', 22364, 22.3, 34760.2, 21.1, 40638.3, 20.2, 36613.4, 18, 36962.2, 17.7),
('Gabon', 'GAB', 4125.72, 6.7, 6888.63, 6.1, 8840.73, 6.9, 7381.75, 7.3, 6979.71, 7.1),
('Georgia', 'GEO', 749.896, 6, 1642.78, 5, 3073.52, 6.9, 3756.38, 8.1, 3857.28, 8.2),
('Germany', 'DEU', 23718.7, 14.7, 34696.6, 13.6, 41785.6, 13.7, 41394.7, 13.8, 42443.5, 13.6),
('Ghana', 'GHA', 258.471, 4, 491.946, 4.3, 1298.44, 4.7, 1766.01, 5.3, 1931.39, 5.4),
('Greece', 'GRC', 12043, 3.4, 22551.7, 3.5, 26917.8, 3.3, 18167.8, 4.8, 18116.5, 5),
('Grenada', 'GRD', 5057.17, 1.9, 6644.02, 2.7, 7257.76, 0.9, 9096.87, 1.1, 9628.35, 1.7),
('Guatemala', 'GTM', 1655.59, 3.2, 2077.83, 3.2, 2825.52, 2.9, 3923.57, 3.1, 4140.59, 2.7),
('Guinea', 'GIN', 363.482, 6.3, 322.416, 6.8, 672.424, 6.6, 769.256, 6.4, 733.021, 6.3),
('Guinea-Bissau', 'GNB', 308.144, 5, 436.302, 4.4, 557.632, 4.2, 603.159, 3.9, 661.008, 4),
('Guyana', 'GUY', 954.404, 23.4, 1105.5, 24.4, 3033.25, 26.8, 4166.13, 29.1, 4542.62, 29.2),
('Haiti', 'HTI', 467.148, 8.7, 468.757, 9.5, 665.627, 10.2, 815.728, 11.7, 735.755, 11.7),
('Honduras', 'HND', 1080.46, 2.3, 1296.69, 2.5, 1891.16, 2.5, 2286.2, 2.8, 2326.3, 2.9),
('Hungary', 'HUN', 4633.31, 32.5, 11206, 26.7, 13092.2, 26, 12503.7, 20.3, 12839.6, 19.1),
('Iceland', 'ISL', 32018.1, 16.2, 56658.6, 12.2, 43024.9, 13.3, 52428.6, 14, 61757.9, 14),
('India', 'IND', 443.314, 17.4, 714.861, 17.6, 1357.56, 16.5, 1605.61, 16.5, 1729.27, 16.3),
('Indonesia', 'IDN', 780.19, 3.9, 1263.29, 3.8, 3122.36, 3.6, 3331.7, 3.4, 3562.85, 3.4),
('Iraq', 'IRQ', -1, 2.7, 1855.52, 2.5, 4657.28, 2.8, 4989.8, 3.1, 4649.47, 3),
('Ireland', 'IRL', 26241.4, 12.4, 50878.2, 11.9, 48715.2, 12, 61995.4, 11.5, 63197.1, 11.5),
('Israel', 'ISR', 21027.8, 7.5, 20549.7, 7.6, 30659.1, 7.3, 35855.3, 5, 37371.6, 5.4),
('Italy', 'ITA', 20051.2, 7.8, 31959.3, 7, 35849.4, 7.5, 30170.5, 8, 30830.9, 8.2),
('Jamaica', 'JAM', 3384.69, 2.3, 4089.2, 1.9, 4696.84, 2, 4892.9, 2.1, 4842.04, 2.2),
('Japan', 'JPN', 38532, 24.7, 37217.6, 24.9, 44507.7, 24.4, 34524.5, 19.4, 38794.3, 18.5),
('Jordan', 'JOR', 1651.62, 3.4, 2183.4, 3.1, 3656.45, 2.8, 4097.41, 2.9, 4109.57, 2.9),
('Kazakhstan', 'KAZ', 1229, 34, 3771.28, 39.4, 9070.49, 32.7, 10510.8, 24.9, 7714.84, 22.5),
('Kenya', 'KEN', 397.483, 4.4, 511.616, 3.9, 951.688, 3.1, 1336.88, 3.1, 1410.53, 3.2),
('Kiribati', 'KIR', 796.888, 13.7, 1214.56, 13.9, 1516.81, 14.5, 1542.58, 14.5, 1584.81, 14.4),
('Kuwait', 'KWT', 18439.9, 2, 35590.7, 2.3, 38577.4, 1.9, 29869.5, 2.3, 27653.2, 2.3),
('Latvia', 'LVA', 3352.73, 34.7, 7558.74, 26.7, 11326.2, 22.7, 13639.7, 21.6, 14133.7, 21.2),
('Lebanon', 'LBN', 4491.64, 3, 4573.54, 3.1, 7756.74, 3.2, 7649.83, 3.3, 7634.95, 3.3),
('Lesotho', 'LSO', 436.488, 18, 842.813, 18.6, 1183.42, 20.1, 1219.18, 21, 1119.72, 21.2),
('Liberia', 'LBR', 306.833, 5.7, 294.893, 6.8, 513.446, 6.5, 710.384, 6.5, 714.623, 6.8),
('Libya', 'LBY', 7142.77, 5.3, 8163.01, 5.6, 12064.8, 5.4, 4337.92, 4.2, 4038.97, 5.2),
('Lithuania', 'LTU', 3297.35, 50.7, 7863.16, 43.9, 11984.9, 37.3, 14291.9, 34.9, 14982.5, 31.9),
('Luxembourg', 'LUX', 48736, 16.8, 80289.7, 14.3, 104965, 12.9, 100428, 14.7, 101306, 13.5),
('Madagascar', 'MDG', 245.939, 4.7, 274.82, 4.5, 412.731, 4.3, 402.088, 4, 400.036, 3.9),
('Malawi', 'MWI', 156.386, 6.2, 289.555, 4.5, 478.669, 3.8, 380.597, 3.6, 315.777, 3.7),
('Malaysia', 'MYS', 4043.66, 5.3, 5587.03, 5.4, 9040.57, 5.1, 9799.37, 5.4, 9671.02, 5.5),
('Maldives', 'MDV', 2234.58, 4.4, 3639.97, 3.3, 7076.66, 3.2, 9033.39, 2.6, 9282.72, 2.3),
('Mali', 'MLI', 269.871, 5.5, 488.828, 4.9, 709.582, 4.8, 751.17, 4.8, 779.875, 4.8),
('Malta', 'MLT', 11039.1, 6.5, 15835.3, 5.6, 21087.8, 8, 24046.3, 8, 25128.9, 7.5),
('Mauritania', 'MRT', 491.843, 3.4, 722.323, 3.5, 1241.43, 3.9, 1194.31, 4.3, 1135.56, 4.4),
('Mauritius', 'MUS', 3929.08, 11.1, 5282.91, 8.8, 8000.38, 8.1, 9260.45, 8.5, 9681.62, 7.8),
('Mexico', 'MEX', 7157.81, 3.6, 8277.67, 4.3, 9271.4, 4.6, 9605.95, 5.6, 8739.14, 5.1),
('Mongolia', 'MNG', 474.217, 17.9, 998.831, 17.1, 2643.29, 16.6, 3918.58, 13.1, 3660.15, 13),
('Montenegro', 'MNE', 1627.07, 10.4, 3674.62, 11.4, 6682.28, 10.4, 6514.27, 10, 7028.94, 10.3),
('Morocco', 'MAR', 1334.94, 6.9, 2018.03, 5.3, 2839.93, 3.7, 2875.26, 2.9, 2897.66, 2.9),
('Mozambique', 'MOZ', 283.225, 8.8, 376.885, 6.7, 431.515, 5.6, 547.238, 4.9, 391.553, 4.9),
('Myanmar', 'MMR', 190.606, 7.3, 244.882, 7.7, 979.052, 7.3, 1133, 7.6, 1192.5, 7.8),
('Namibia', 'NAM', 2136.44, 10.9, 3674, 10.4, 5324.62, 10.4, 5032.89, 9, 4786.24, 8.7),
('Nepal', 'NPL', 229.49, 15.4, 315.806, 12.5, 592.401, 10.5, 792.553, 9.1, 777.148, 8.8),
('Netherlands', 'NLD', 26149.4, 9.8, 41979.1, 9.9, 50950, 10, 45175.2, 12.5, 46007.9, 12.6),
('New Zealand', 'NZL', 13641.1, 12.9, 27751.1, 13.3, 33692, 13, 38559.5, 12.1, 40026.9, 12.1),
('Nicaragua', 'NIC', 1007.5, 17.2, 1162.29, 14.4, 1503.87, 12.5, 2049.85, 12.2, 2107.57, 12.2),
('Niger', 'NER', 158.705, 4.6, 249.928, 4.9, 347.343, 4.9, 360.853, 4.7, 362.131, 4.6),
('Nigeria', 'NGA', 567.931, 10.2, 1268.38, 9.6, 2292.45, 10, 2730.43, 9.6, 2176, 9.5),
('Norway', 'NOR', 38146.7, 13.3, 66775.4, 12.7, 87770.3, 12.6, 74521.6, 12.4, 70941.5, 12.2),
('Oman', 'OMN', 8601.25, 4.3, 12377.1, 3.4, 19281.2, 3.7, 16150.9, 4.1, 14721.6, 3.9),
('Pakistan', 'PAK', 519.534, 3.4, 683.09, 3.5, 988.754, 3.1, 1356.67, 2.9, 1368.45, 2.9),
('Panama', 'PAN', 4060.32, 6, 4916.92, 6.3, 8082.03, 5.1, 13630.3, 3.9, 14356.3, 4.3),
('Papua New Guinea', 'PNG', 602.187, 7.1, 749.186, 5.8, 1949.35, 5.4, 2679.33, 6, 2509.63, 6),
('Paraguay', 'PRY', 1663.61, 10.1, 1843.63, 10.1, 4355.94, 9.3, 5406.7, 9.9, 5319.41, 9.5),
('Peru', 'PER', 1955.59, 5.1, 2729.5, 4.6, 5082.35, 4.6, 6227.59, 4.9, 6205.37, 4.9),
('Philippines', 'PHL', 1038.91, 2.5, 1193.98, 2.6, 2124.06, 3.3, 2867.15, 3.2, 2941.21, 3.2),
('Poland', 'POL', 4492.74, 16.9, 8021, 17.7, 12599.5, 18.6, 12572.3, 15.8, 12431.6, 16.2),
('Portugal', 'PRT', 11502.4, 7.5, 18784.9, 11.1, 22538.7, 13.5, 19252.6, 13.8, 19977.4, 14),
('Qatar', 'QAT', 29976.1, 3.4, 51455.6, 3.2, 67403.2, 6.1, 63039, 6.5, 57163.1, 6.6),
('Romania', 'ROU', 1659.91, 13.2, 4617.93, 12.5, 8209.92, 14, 8977.5, 11.6, 9567.1, 10.4),
('Russian Federation', 'RUS', 1771.6, 52.6, 5323.47, 51.6, 10675, 40, 9313.79, 32.1, 8745.38, 31),
('Rwanda', 'RWA', 228.638, 15.6, 303.741, 10.9, 576.049, 7.5, 728.082, 6.8, 726.353, 6.7),
('Samoa', 'WSM', 1542.07, 8.3, 2574.18, 6.5, 3458.19, 5, 4155.28, 4.5, 4043.69, 4.4),
('Sao Tome and Principe', 'STP', -1, 2, 866.507, 1.8, 1094.71, 2, 1595.86, 2.3, 1710.13, 2.3),
('Saudi Arabia', 'SAU', 9171.33, 2.8, 13791.4, 3, 19262.5, 3.4, 20627.9, 3.2, 19879.3, 3.2),
('Senegal', 'SEN', 604.654, 7.7, 993.932, 8.1, 1278.98, 6.9, 1218.76, 6.2, 1269.04, 6),
('Serbia', 'SRB', 870.136, 21, 3720.48, 18.8, 5735.42, 15.9, 5585.12, 15, 5756.38, 15.6),
('Seychelles', 'SYC', 7578.85, 8.7, 11092.5, 9.1, 10804.7, 9.4, 14745.3, 9.4, 15077.8, 9.3),
('Sierra Leone', 'SLE', 138.699, 11.1, 292.349, 10.4, 401.835, 9.2, 588.228, 9.3, 501.416, 9.7),
('Singapore', 'SGP', 23852.3, 12.4, 29961.3, 11.6, 47237, 10, 55646.6, 9, 56724.2, 9.9),
('Slovenia', 'SVN', 10227.7, 32.4, 18169.2, 27.1, 23437.5, 20.7, 20887.5, 21, 21617.6, 18.6),
('Solomon Islands', 'SLB', 1054.39, 11.2, 880.813, 7.6, 1290.4, 5.8, 1914.47, 4.9, 1990.03, 4.7),
('Somalia', 'SOM', -1, 4.7, -1, 4.8, -1, 4.3, 293.465, 4.7, 295.934, 4.7),
('South Africa', 'ZAF', 3032.43, 11.6, 5383.63, 11.8, 7328.59, 12.2, 5730.93, 11.8, 5272.63, 11.6),
('South Sudan', 'SSD', -1, 4.8, -1, 4.6, 1654.06, 4.1, 1154.8, 3.7, 283.488, 3.7),
('Spain', 'ESP', 14676.7, 8.6, 26510.7, 8.1, 30736.6, 7, 25817.4, 8.1, 26622.3, 8.7),
('Sri Lanka', 'LKA', 869.697, 28.8, 1248.7, 23.1, 2799.65, 19.1, 3843.78, 14.8, 3886.29, 14.6),
('Sudan', 'SDN', 366.173, 7.9, 689.21, 8.4, 1489.88, 8, 2486.75, 8, 2398.1, 8.1),
('Suriname', 'SUR', 2012.26, 23.5, 3590.63, 26.5, 8255.8, 27, 8561.97, 23.8, 5606.71, 22.8),
('Sweden', 'SWE', 29323.2, 15.6, 43134.7, 16.4, 52132.9, 15.3, 50832.6, 15.7, 51617.5, 14.8),
('Switzerland', 'CHE', 37868.3, 21.8, 54952.7, 20.8, 74605.7, 16.2, 82081.6, 17.1, 80037.5, 17.2),
('Syrian Arab Republic', 'SYR', 1177.63, 1.3, 1571.74, 1.6, -1, 1.9, -1, 1.9, -1, 1.9),
('Tajikistan', 'TJK', 138.429, 3, 340.583, 2.9, 749.553, 2.5, 929.096, 2.5, 802.518, 2.5),
('Thailand', 'THA', 2007.74, 16.2, 2894.06, 12.7, 5076.34, 14.3, 5840.05, 14.6, 5978.61, 14.4),
('Timor-Leste', 'TLS', 497.131, 9.3, 1822.57, 6.2, 3656.95, 5.3, 2585.15, 4.6, 2053.27, 4.6),
('Togo', 'TGO', 302.206, 9.6, 406.401, 9.9, 533.509, 9.5, 570.681, 9.4, 587.874, 9.6),
('Tonga', 'TON', 2065.5, 3.6, 2598.25, 3.4, 3553.22, 3.6, 4320.64, 3.5, 3966.16, 3.5),
('Trinidad and Tobago', 'TTO', 6435.16, 14.9, 12327.2, 12.3, 16683.4, 14.5, 18332.5, 13.6, 15786.1, 13.6),
('Tunisia', 'TUN', 2211.83, 3.5, 3193.21, 3.6, 4141.98, 3.6, 3859.81, 3.4, 3698.57, 3.4),
('Turkey', 'TUR', 4316.55, 7.2, 7384.25, 7.6, 10672.4, 8.4, 10948.7, 7.3, 10820.6, 7.3),
('Turkmenistan', 'TKM', 643.175, 9.1, 1704.42, 11.7, 4439.2, 7.6, 6432.68, 7.2, 6389.55, 6.7),
('Uganda', 'UGA', 261.869, 11.1, 325.59, 10.5, 622.499, 10.5, 709.021, 9.9, 608.706, 9.9),
('Ukraine', 'UKR', 635.709, 36.9, 1826.93, 34.5, 2965.14, 27.1, 2124.66, 23.1, 2187.73, 22.4),
('United Arab Emirates', 'ARE', 33291.4, 3.2, 39365.3, 3.1, 33893.3, 3, 38663.4, 2.8, 38141.8, 2.8),
('United Kingdom', 'GBR', 27987.8, 9.1, 41803.9, 8.2, 39079.8, 7.8, 44472.2, 8.7, 40539.9, 8.9),
('United States of America', 'USA', 36334.9, 11.3, 44114.7, 11.9, 48466.8, 13.2, 56803.5, 15, 57904.2, 15.3),
('Uruguay', 'URY', 6875.02, 17.4, 5226.94, 15.3, 11992, 16.6, 15613.8, 19.4, 15387.1, 18.4),
('Uzbekistan', 'UZB', 558.227, 7.6, 546.777, 5.8, 1377.08, 6, 2615.03, 7.4, 2567.8, 7.4),
('Vanuatu', 'VUT', 1470.57, 7.3, 1887.23, 5.7, 2966.86, 5.1, 2721.64, 4.5, 2830.97, 4.5),
('Zambia', 'ZMB', 345.69, 8.1, 702.741, 6.5, 1489.46, 6.3, 1332.19, 6.1, 1280.58, 6.1),
('Zimbabwe', 'ZWE', 563.058, 12.9, 476.555, 13.9, 948.332, 11.9, 1445.07, 10.6, 1464.58, 10.7);

-- --------------------------------------------------------

--
-- Table structure for table `countryhappyness`
--

CREATE TABLE `countryhappyness` (
  `Country` char(25) NOT NULL,
  `Happyness_Rank` int(11) NOT NULL,
  `Happyness_Score` float NOT NULL,
  `Whisker_high` float NOT NULL,
  `Whisker_low` float NOT NULL,
  `Economy` float NOT NULL,
  `Family` float NOT NULL,
  `Life_Expectancy` float NOT NULL,
  `Freedom` float NOT NULL,
  `Generosity` float NOT NULL,
  `Gov_Trust` float NOT NULL,
  `Dystopia_Residual` float NOT NULL
) ENGINE=InnoDB DEFAULT CHARSET=latin1 COMMENT='Happyness';

--
-- Dumping data for table `countryhappyness`
--

INSERT INTO `countryhappyness` (`Country`, `Happyness_Rank`, `Happyness_Score`, `Whisker_high`, `Whisker_low`, `Economy`, `Family`, `Life_Expectancy`, `Freedom`, `Generosity`, `Gov_Trust`, `Dystopia_Residual`) VALUES
('Afghanistan', 141, 3.794, 3.87366, 3.71434, 0.401477, 0.581543, 0.180747, 0.10618, 0.311871, 0.0611578, 2.1508),
('Albania', 109, 4.644, 4.75246, 4.53554, 0.996193, 0.803685, 0.73116, 0.381499, 0.201313, 0.0398642, 1.49044),
('Algeria', 53, 5.872, 5.97829, 5.76571, 1.09186, 1.14622, 0.617585, 0.233336, 0.0694366, 0.146096, 2.5676),
('Angola', 140, 3.795, 3.95164, 3.63836, 0.858428, 1.10441, 0.0498687, 0, 0.0979265, 0.0697203, 1.61448),
('Argentina', 24, 6.599, 6.69008, 6.50792, 1.1853, 1.44045, 0.695137, 0.494519, 0.109457, 0.0597399, 2.61401),
('Armenia', 121, 4.376, 4.46673, 4.28527, 0.900597, 1.00748, 0.637524, 0.198303, 0.0834881, 0.0266744, 1.5215),
('Australia', 10, 7.284, 7.35665, 7.21135, 1.48441, 1.51004, 0.843887, 0.601607, 0.477699, 0.301184, 2.06521),
('Austria', 13, 7.006, 7.07067, 6.94133, 1.4871, 1.45994, 0.815328, 0.567766, 0.316472, 0.22106, 2.13851),
('Azerbaijan', 85, 5.234, 5.29929, 5.16871, 1.1536, 1.1524, 0.540776, 0.398156, 0.0452693, 0.180988, 1.76248),
('Bahrain', 41, 6.087, 6.17899, 5.99501, 1.48841, 1.32311, 0.653133, 0.536747, 0.172668, 0.257042, 1.65615),
('Bangladesh', 110, 4.608, 4.68982, 4.52618, 0.586683, 0.735132, 0.533241, 0.478357, 0.172255, 0.123718, 1.97874),
('Belarus', 67, 5.569, 5.64611, 5.49189, 1.15656, 1.44495, 0.637714, 0.2954, 0.155138, 0.156314, 1.72323),
('Belgium', 17, 6.891, 6.95582, 6.82618, 1.46378, 1.46231, 0.818092, 0.539771, 0.231503, 0.251343, 2.12421),
('Belize', 50, 5.956, 6.19724, 5.71476, 0.907975, 1.08142, 0.450192, 0.547509, 0.240016, 0.0965811, 2.63196),
('Benin', 143, 3.657, 3.74578, 3.56822, 0.431085, 0.4353, 0.20993, 0.425963, 0.207948, 0.060929, 1.88563),
('Bhutan', 97, 5.011, 5.07933, 4.94267, 0.885416, 1.34013, 0.495879, 0.501538, 0.474055, 0.17338, 1.14018),
('Bolivia', 58, 5.823, 5.90398, 5.74202, 0.833757, 1.22762, 0.47363, 0.558733, 0.225561, 0.0604777, 2.44328),
('Bosnia and Herzegovina', 90, 5.182, 5.27634, 5.08766, 0.982409, 1.06934, 0.705186, 0.204403, 0.328867, 0, 1.89217),
('Botswana', 142, 3.766, 3.87412, 3.65788, 1.12209, 1.22155, 0.341756, 0.505196, 0.0993484, 0.0985832, 0.377914),
('Brazil', 22, 6.635, 6.72547, 6.54453, 1.10735, 1.43131, 0.616552, 0.437454, 0.16235, 0.111093, 2.76927),
('Bulgaria', 105, 4.714, 4.80369, 4.62431, 1.16146, 1.43438, 0.708218, 0.289232, 0.113178, 0.0110515, 0.996139),
('Burkina Faso', 134, 4.032, 4.12406, 3.93994, 0.350228, 1.04328, 0.215844, 0.324368, 0.250865, 0.120328, 1.72721),
('Burundi', 154, 2.905, 3.07469, 2.73531, 0.0916226, 0.629794, 0.151611, 0.0599008, 0.204435, 0.0841479, 1.68302),
('Cambodia', 129, 4.168, 4.27852, 4.05748, 0.601765, 1.00624, 0.429783, 0.633376, 0.385923, 0.068106, 1.04294),
('Cameroon', 107, 4.695, 4.79654, 4.59346, 0.564305, 0.946018, 0.132892, 0.430389, 0.236298, 0.0513066, 2.33365),
('Canada', 7, 7.316, 7.3844, 7.2476, 1.4792, 1.48135, 0.834558, 0.611101, 0.43554, 0.287372, 2.18726),
('Central African Republic', 155, 2.693, 2.86488, 2.52112, 0, 0, 0.0187727, 0.270842, 0.280876, 0.0565651, 2.066),
('Chad', 137, 3.936, 4.03471, 3.83729, 0.438013, 0.953856, 0.0411347, 0.162342, 0.216114, 0.0535819, 2.07124),
('Chile', 20, 6.652, 6.73925, 6.56475, 1.25278, 1.28402, 0.81948, 0.376895, 0.326662, 0.082288, 2.50959),
('China', 79, 5.273, 5.31928, 5.22672, 1.08117, 1.16084, 0.741416, 0.472788, 0.0288068, 0.0227943, 1.76494),
('Colombia', 36, 6.357, 6.45202, 6.26198, 1.07062, 1.40218, 0.595028, 0.477487, 0.149014, 0.0466687, 2.61607),
('Congo (Brazzaville)', 124, 4.291, 4.41005, 4.17195, 0.808964, 0.832044, 0.289957, 0.435026, 0.120852, 0.0796181, 1.72414),
('Congo (Kinshasa)', 126, 4.28, 4.35781, 4.20219, 0.0921023, 1.22902, 0.191407, 0.235961, 0.246456, 0.0602414, 2.22496),
('Costa Rica', 12, 7.079, 7.16811, 6.98989, 1.10971, 1.4164, 0.759509, 0.580132, 0.214613, 0.100107, 2.89864),
('Country', 0, 0, 0, 0, 0, 0, 0, 0, 0, 0, 0),
('Croatia', 77, 5.293, 5.39178, 5.19422, 1.22256, 0.967983, 0.701289, 0.255772, 0.248003, 0.0431031, 1.85449),
('Cyprus', 65, 5.621, 5.71469, 5.52731, 1.35594, 1.13136, 0.844715, 0.355112, 0.271254, 0.041238, 1.62125),
('Czech Republic', 23, 6.609, 6.68386, 6.53414, 1.35268, 1.43389, 0.754444, 0.490946, 0.0881068, 0.0368729, 2.45186),
('Denmark', 2, 7.522, 7.58173, 7.46227, 1.48238, 1.55112, 0.792566, 0.626007, 0.35528, 0.40077, 2.31371),
('Dominican Republic', 86, 5.23, 5.34906, 5.11094, 1.07937, 1.40242, 0.574874, 0.55259, 0.186968, 0.113945, 1.31947),
('Ecuador', 44, 6.008, 6.10585, 5.91015, 1.00082, 1.28617, 0.685636, 0.455198, 0.150112, 0.140135, 2.29035),
('Egypt', 104, 4.735, 4.82513, 4.64487, 0.989702, 0.997471, 0.520187, 0.28211, 0.128631, 0.114381, 1.70216),
('El Salvador', 45, 6.003, 6.10863, 5.89736, 0.909784, 1.18213, 0.596019, 0.432453, 0.078258, 0.089981, 2.71459),
('Estonia', 66, 5.611, 5.68814, 5.53386, 1.32088, 1.47667, 0.695168, 0.479131, 0.0988908, 0.183249, 1.35751),
('Ethiopia', 119, 4.46, 4.54273, 4.37727, 0.339234, 0.864669, 0.35341, 0.408843, 0.312651, 0.165456, 2.01574),
('Finland', 5, 7.469, 7.52754, 7.41046, 1.44357, 1.54025, 0.809158, 0.617951, 0.245483, 0.382612, 2.43018),
('France', 31, 6.442, 6.51577, 6.36823, 1.43092, 1.38778, 0.844466, 0.470222, 0.129762, 0.172502, 2.00595),
('Gabon', 118, 4.465, 4.55736, 4.37264, 1.19821, 1.15562, 0.356579, 0.312329, 0.0437854, 0.0760468, 1.32292),
('Georgia', 125, 4.286, 4.37493, 4.19707, 0.950613, 0.570615, 0.649547, 0.30941, 0.0540088, 0.251667, 1.50014),
('Germany', 16, 6.951, 7.00538, 6.89662, 1.48792, 1.47252, 0.798951, 0.562511, 0.336269, 0.276732, 2.01577),
('Ghana', 131, 4.12, 4.22271, 4.01729, 0.667225, 0.873665, 0.295638, 0.423026, 0.256924, 0.0253364, 1.57787),
('Greece', 87, 5.227, 5.32525, 5.12875, 1.28949, 1.23941, 0.810199, 0.0957313, 0, 0.0432898, 1.74922),
('Guatemala', 29, 6.454, 6.56687, 6.34113, 0.872002, 1.25559, 0.54024, 0.531311, 0.283488, 0.0772233, 2.89389),
('Guinea', 149, 3.507, 3.58443, 3.42957, 0.24455, 0.791245, 0.194129, 0.348588, 0.264815, 0.110938, 1.55231),
('Haiti', 145, 3.603, 3.73471, 3.47129, 0.36861, 0.64045, 0.277321, 0.0303699, 0.489204, 0.0998721, 1.69717),
('Honduras', 91, 5.181, 5.30158, 5.06042, 0.730573, 1.14394, 0.582569, 0.34808, 0.236189, 0.0733455, 2.06581),
('Hong Kong S.A.R., China', 71, 5.472, 5.54959, 5.39441, 1.55167, 1.26279, 0.943062, 0.490969, 0.374466, 0.293934, 0.554633),
('Hungary', 75, 5.324, 5.40304, 5.24496, 1.28601, 1.34313, 0.687763, 0.175864, 0.0784017, 0.0366369, 1.71646),
('Iceland', 3, 7.504, 7.62203, 7.38597, 1.48063, 1.61057, 0.833552, 0.627163, 0.47554, 0.153527, 2.32272),
('India', 122, 4.315, 4.37152, 4.25848, 0.792221, 0.754373, 0.455428, 0.469987, 0.231538, 0.0922269, 1.51912),
('Indonesia', 81, 5.262, 5.35289, 5.17111, 0.995539, 1.27444, 0.492346, 0.443323, 0.611705, 0.0153171, 1.42948),
('Iran', 108, 4.692, 4.79822, 4.58577, 1.15687, 0.711551, 0.639333, 0.249323, 0.387243, 0.0487611, 1.49873),
('Iraq', 117, 4.497, 4.62259, 4.37141, 1.10271, 0.978613, 0.50118, 0.288556, 0.199637, 0.107216, 1.31891),
('Ireland', 15, 6.977, 7.04335, 6.91065, 1.53571, 1.55823, 0.809783, 0.57311, 0.427858, 0.298388, 1.77387),
('Israel', 11, 7.213, 7.27985, 7.14615, 1.37538, 1.37629, 0.838404, 0.405989, 0.330083, 0.0852421, 2.80176),
('Italy', 48, 5.964, 6.04274, 5.88526, 1.39507, 1.44492, 0.853144, 0.256451, 0.17279, 0.0280281, 1.81331),
('Ivory Coast', 128, 4.18, 4.27518, 4.08482, 0.603049, 0.90478, 0.0486422, 0.447706, 0.201237, 0.130062, 1.84496),
('Jamaica', 76, 5.311, 5.5814, 5.0406, 0.925579, 1.36822, 0.641022, 0.474307, 0.233818, 0.0552678, 1.61233),
('Japan', 51, 5.92, 5.99072, 5.84928, 1.41692, 1.43634, 0.913476, 0.505626, 0.120573, 0.163761, 1.36322),
('Jordan', 74, 5.336, 5.44841, 5.22359, 0.991012, 1.23909, 0.60459, 0.418421, 0.17217, 0.119803, 1.79118),
('Kazakhstan', 60, 5.819, 5.90364, 5.73436, 1.28456, 1.38437, 0.606042, 0.437454, 0.201964, 0.119283, 1.78489),
('Kenya', 112, 4.553, 4.65569, 4.45031, 0.560479, 1.06795, 0.309988, 0.452764, 0.44486, 0.0646413, 1.6519),
('Kosovo', 78, 5.279, 5.36485, 5.19315, 0.951484, 1.13785, 0.541452, 0.260288, 0.319931, 0.0574716, 2.01054),
('Kuwait', 39, 6.105, 6.19196, 6.01804, 1.63295, 1.2597, 0.632106, 0.496338, 0.22829, 0.21516, 1.64043),
('Kyrgyzstan', 98, 5.004, 5.08992, 4.91808, 0.59622, 1.39424, 0.553458, 0.454943, 0.42858, 0.0394392, 1.53672),
('Latvia', 54, 5.85, 5.92026, 5.77974, 1.26075, 1.40471, 0.638567, 0.325708, 0.153075, 0.0738427, 1.99366),
('Lebanon', 88, 5.225, 5.31888, 5.13112, 1.07499, 1.12962, 0.735081, 0.288516, 0.264451, 0.0375138, 1.69507),
('Lesotho', 139, 3.808, 4.04434, 3.57166, 0.521021, 1.1901, 0, 0.390661, 0.157497, 0.119095, 1.42984),
('Liberia', 148, 3.533, 3.65376, 3.41224, 0.119042, 0.872118, 0.229918, 0.332881, 0.26655, 0.0389482, 1.67329),
('Libya', 68, 5.525, 5.67695, 5.37305, 1.1018, 1.35756, 0.520169, 0.465733, 0.152074, 0.0926102, 1.83501),
('Lithuania', 52, 5.902, 5.98267, 5.82133, 1.31458, 1.47352, 0.62895, 0.234232, 0.0101647, 0.0118656, 2.22844),
('Luxembourg', 18, 6.863, 6.92369, 6.80231, 1.74194, 1.45758, 0.845089, 0.596628, 0.283181, 0.318834, 1.61951),
('Macedonia', 92, 5.175, 5.27217, 5.07783, 1.06458, 1.20789, 0.644948, 0.325906, 0.253761, 0.0602778, 1.61747),
('Madagascar', 144, 3.644, 3.71432, 3.57368, 0.305809, 0.91302, 0.375223, 0.189197, 0.208733, 0.067232, 1.58461),
('Malawi', 136, 3.97, 4.07748, 3.86252, 0.233442, 0.512569, 0.31509, 0.466915, 0.28717, 0.0727117, 2.08179),
('Malaysia', 42, 6.084, 6.17998, 5.98802, 1.29122, 1.28465, 0.618784, 0.402265, 0.416609, 0.0656007, 2.00445),
('Mali', 127, 4.19, 4.26967, 4.11033, 0.47618, 1.28147, 0.169366, 0.306614, 0.183354, 0.10497, 1.66819),
('Malta', 27, 6.527, 6.5984, 6.4556, 1.34328, 1.48841, 0.821944, 0.588767, 0.574731, 0.153066, 1.55686),
('Mauritania', 123, 4.292, 4.37716, 4.20684, 0.648457, 1.27203, 0.285349, 0.096098, 0.20187, 0.136957, 1.65164),
('Mauritius', 64, 5.629, 5.72986, 5.52814, 1.1894, 1.20956, 0.638007, 0.491247, 0.360934, 0.0421816, 1.69758),
('Mexico', 25, 6.578, 6.67115, 6.48485, 1.15318, 1.21086, 0.709979, 0.41273, 0.12099, 0.132774, 2.83715),
('Moldova', 56, 5.838, 5.90837, 5.76763, 0.728871, 1.25183, 0.589465, 0.240729, 0.208779, 0.0100913, 2.80781),
('Mongolia', 100, 4.955, 5.02168, 4.88832, 1.02724, 1.49301, 0.557783, 0.394144, 0.338464, 0.0329023, 1.11129),
('Montenegro', 83, 5.237, 5.34104, 5.13296, 1.12113, 1.23838, 0.667465, 0.194989, 0.197911, 0.0881742, 1.72919),
('Morocco', 84, 5.235, 5.31834, 5.15166, 0.878115, 0.774864, 0.597711, 0.408158, 0.03221, 0.0877632, 2.45619),
('Mozambique', 113, 4.55, 4.7741, 4.3259, 0.234306, 0.870701, 0.106654, 0.480791, 0.322228, 0.179436, 2.35565),
('Myanmar', 114, 4.545, 4.61474, 4.47526, 0.367111, 1.12324, 0.397523, 0.514492, 0.838075, 0.188816, 1.11529),
('Namibia', 111, 4.574, 4.77035, 4.37765, 0.964434, 1.09847, 0.338612, 0.520304, 0.0771337, 0.093147, 1.48189),
('Nepal', 99, 4.962, 5.06736, 4.85664, 0.47982, 1.17928, 0.504131, 0.440306, 0.394096, 0.0729755, 1.89124),
('Netherlands', 6, 7.377, 7.42743, 7.32657, 1.50394, 1.42894, 0.810696, 0.585384, 0.47049, 0.282662, 2.2948),
('New Zealand', 8, 7.314, 7.37951, 7.24849, 1.40571, 1.5482, 0.81676, 0.614062, 0.500005, 0.382817, 2.04646),
('Nicaragua', 43, 6.071, 6.18658, 5.95542, 0.737299, 1.28722, 0.653096, 0.447552, 0.301674, 0.130688, 2.51393),
('Niger', 135, 4.028, 4.11195, 3.94405, 0.161925, 0.993025, 0.268505, 0.363659, 0.228674, 0.138573, 1.87398),
('Nigeria', 95, 5.074, 5.2095, 4.9385, 0.783756, 1.21577, 0.0569157, 0.394953, 0.230947, 0.0261216, 2.36539),
('North Cyprus', 61, 5.81, 5.89737, 5.72263, 1.34691, 1.1863, 0.834647, 0.471204, 0.266846, 0.155353, 1.54916),
('Norway', 1, 7.537, 7.59444, 7.47956, 1.61646, 1.53352, 0.796667, 0.635423, 0.362012, 0.315964, 2.27703),
('Pakistan', 80, 5.269, 5.35998, 5.17802, 0.726884, 0.672691, 0.402048, 0.235215, 0.315446, 0.124348, 2.79249),
('Palestinian Territories', 103, 4.775, 4.88185, 4.66815, 0.716249, 1.15565, 0.565667, 0.254711, 0.114173, 0.0892826, 1.87889),
('Panama', 30, 6.452, 6.55713, 6.34687, 1.23375, 1.37319, 0.706156, 0.550027, 0.210557, 0.0709839, 2.3072),
('Paraguay', 70, 5.493, 5.57738, 5.40862, 0.932537, 1.50728, 0.579251, 0.473508, 0.224151, 0.0910659, 1.68533),
('Peru', 63, 5.715, 5.81195, 5.61805, 1.03523, 1.21877, 0.630166, 0.450003, 0.12682, 0.0470491, 2.20727),
('Philippines', 72, 5.43, 5.54533, 5.31466, 0.857699, 1.25392, 0.468009, 0.585215, 0.193513, 0.0993319, 1.9726),
('Poland', 46, 5.973, 6.05391, 5.89209, 1.29179, 1.44571, 0.699475, 0.520342, 0.158466, 0.0593078, 1.79772),
('Portugal', 89, 5.195, 5.28504, 5.10496, 1.31518, 1.36704, 0.795844, 0.498465, 0.0951027, 0.0158695, 1.10768),
('Qatar', 35, 6.375, 6.56848, 6.18152, 1.87077, 1.2743, 0.710098, 0.604131, 0.330474, 0.439299, 1.14546),
('Romania', 57, 5.825, 5.91969, 5.73031, 1.21768, 1.15009, 0.685158, 0.457004, 0.13352, 0.0043879, 2.17683),
('Russia', 49, 5.963, 6.03027, 5.89572, 1.28178, 1.46928, 0.547349, 0.373783, 0.0522638, 0.0329629, 2.20561),
('Rwanda', 151, 3.471, 3.54303, 3.39897, 0.368746, 0.945707, 0.326425, 0.581844, 0.252756, 0.45522, 0.540061),
('Saudi Arabia', 37, 6.344, 6.44417, 6.24383, 1.53062, 1.28668, 0.590148, 0.449751, 0.147616, 0.273432, 2.06543),
('Senegal', 115, 4.535, 4.6016, 4.4684, 0.479309, 1.17969, 0.409363, 0.377922, 0.183469, 0.11546, 1.78965),
('Serbia', 73, 5.395, 5.49157, 5.29843, 1.06932, 1.25819, 0.650785, 0.208716, 0.220126, 0.0409038, 1.94708),
('Sierra Leone', 106, 4.709, 4.85064, 4.56736, 0.368421, 0.984136, 0.00556475, 0.318698, 0.293041, 0.0710952, 2.66846),
('Singapore', 26, 6.572, 6.63672, 6.50728, 1.69228, 1.35381, 0.949492, 0.549841, 0.345966, 0.464308, 1.21636),
('Slovakia', 40, 6.098, 6.17735, 6.01865, 1.32539, 1.50506, 0.712733, 0.295817, 0.136544, 0.0242109, 2.09778),
('Slovenia', 62, 5.758, 5.84223, 5.67377, 1.34121, 1.45252, 0.790828, 0.572576, 0.242649, 0.045129, 1.31332),
('Somalia', 93, 5.151, 5.24248, 5.05952, 0.0226432, 0.721151, 0.113989, 0.602127, 0.291631, 0.28241, 3.11748),
('South Africa', 101, 4.829, 4.92944, 4.72856, 1.0547, 1.38479, 0.18708, 0.479247, 0.139362, 0.0725095, 1.51091),
('South Korea', 55, 5.838, 5.92256, 5.75344, 1.40168, 1.12827, 0.900214, 0.257922, 0.206674, 0.0632827, 1.88038),
('South Sudan', 147, 3.591, 3.72554, 3.45646, 0.397249, 0.601323, 0.163486, 0.147062, 0.285671, 0.116794, 1.87957),
('Spain', 34, 6.403, 6.47106, 6.33494, 1.3844, 1.53209, 0.888961, 0.408781, 0.190134, 0.0709141, 1.92776),
('Sri Lanka', 120, 4.44, 4.55345, 4.32655, 1.00985, 1.25998, 0.625131, 0.561213, 0.490864, 0.073654, 0.419389),
('Sudan', 130, 4.139, 4.34575, 3.93225, 0.659517, 1.21401, 0.290921, 0.0149959, 0.182317, 0.0898475, 1.68707),
('Sweden', 9, 7.284, 7.34409, 7.22391, 1.49439, 1.47816, 0.830875, 0.612924, 0.385399, 0.384399, 2.09754),
('Switzerland', 4, 7.494, 7.56177, 7.42623, 1.56498, 1.51691, 0.858131, 0.620071, 0.290549, 0.367007, 2.27672),
('Syria', 152, 3.462, 3.66367, 3.26033, 0.777153, 0.396103, 0.500533, 0.0815394, 0.493664, 0.151347, 1.06157),
('Taiwan Province of China', 33, 6.422, 6.4946, 6.3494, 1.43363, 1.38457, 0.793984, 0.361467, 0.25836, 0.0638292, 2.12661),
('Tajikistan', 96, 5.041, 5.11143, 4.97057, 0.524714, 1.27146, 0.529235, 0.471567, 0.248998, 0.146377, 1.84905),
('Tanzania', 153, 3.349, 3.46143, 3.23657, 0.511136, 1.04199, 0.364509, 0.390018, 0.354256, 0.0660351, 0.62113),
('Thailand', 32, 6.424, 6.50912, 6.33888, 1.12787, 1.42579, 0.647239, 0.580201, 0.572123, 0.0316127, 2.03951),
('Togo', 150, 3.495, 3.59404, 3.39596, 0.305445, 0.431883, 0.247106, 0.380426, 0.196896, 0.095665, 1.83723),
('Trinidad and Tobago', 38, 6.168, 6.38153, 5.95447, 1.36136, 1.38023, 0.519983, 0.518631, 0.325296, 0.00896482, 2.05325),
('Tunisia', 102, 4.805, 4.88437, 4.72563, 1.00727, 0.868351, 0.613212, 0.289681, 0.0496934, 0.0867231, 1.89025),
('Turkey', 69, 5.5, 5.59486, 5.40514, 1.19827, 1.33775, 0.637606, 0.300741, 0.046693, 0.0996716, 1.87928),
('Turkmenistan', 59, 5.822, 5.88518, 5.75882, 1.13078, 1.49315, 0.437726, 0.418272, 0.249925, 0.25927, 1.83291),
('Uganda', 133, 4.081, 4.1958, 3.9662, 0.381431, 1.12983, 0.217633, 0.443186, 0.325766, 0.0570697, 1.52636),
('Ukraine', 132, 4.096, 4.18541, 4.00659, 0.894652, 1.39454, 0.575904, 0.122975, 0.270061, 0.0230295, 0.814382),
('United Arab Emirates', 21, 6.648, 6.72205, 6.57395, 1.62634, 1.26641, 0.726798, 0.608345, 0.360942, 0.32449, 1.7347),
('United Kingdom', 19, 6.714, 6.78379, 6.64421, 1.44163, 1.49646, 0.805336, 0.50819, 0.492774, 0.265428, 1.70414),
('United States', 14, 6.993, 7.07466, 6.91134, 1.54626, 1.41992, 0.774287, 0.505741, 0.392579, 0.135639, 2.21811),
('Uruguay', 28, 6.454, 6.54591, 6.36209, 1.21756, 1.41223, 0.719217, 0.579392, 0.175097, 0.178062, 2.17241),
('Uzbekistan', 47, 5.971, 6.06554, 5.87646, 0.786441, 1.54897, 0.498273, 0.658249, 0.415984, 0.246528, 1.81691),
('Venezuela', 82, 5.25, 5.37003, 5.12997, 1.12843, 1.43134, 0.617144, 0.153997, 0.0650196, 0.0644911, 1.78946),
('Vietnam', 94, 5.074, 5.14728, 5.00072, 0.788548, 1.27749, 0.652169, 0.571056, 0.234968, 0.0876332, 1.46232),
('Yemen', 146, 3.593, 3.69275, 3.49325, 0.591683, 0.935382, 0.310081, 0.249464, 0.104125, 0.0567674, 1.3456),
('Zambia', 116, 4.514, 4.64411, 4.38389, 0.636407, 1.00319, 0.257836, 0.461603, 0.24958, 0.0782136, 1.82671),
('Zimbabwe', 138, 3.875, 3.9787, 3.7713, 0.375847, 1.0831, 0.196764, 0.336384, 0.189143, 0.0953754, 1.59797);

--
-- Indexes for dumped tables
--

--
-- Indexes for table `countryalcohol`
--
ALTER TABLE `countryalcohol`
  ADD PRIMARY KEY (`Country`);

--
-- Indexes for table `countrygdp`
--
ALTER TABLE `countrygdp`
  ADD PRIMARY KEY (`Country`);

--
-- Indexes for table `countryhappyness`
--
ALTER TABLE `countryhappyness`
  ADD PRIMARY KEY (`Country`);
COMMIT;

/*!40101 SET CHARACTER_SET_CLIENT=@OLD_CHARACTER_SET_CLIENT */;
/*!40101 SET CHARACTER_SET_RESULTS=@OLD_CHARACTER_SET_RESULTS */;
/*!40101 SET COLLATION_CONNECTION=@OLD_COLLATION_CONNECTION */;
